Email;Domain
zainab989@gmail.com;gmail.com
fab003@gmail.com;gmail.com
geraldojukwu@gmail.com;gmail.com
danihardy@gmail.com;gmail.com
mike444@gmail.com;gmail.com
john.doe@gmail.com;gmail.com
jane.smith@gmail.com;gmail.com
mike.j@gmail.com;gmail.com
emily.davis@gmail.com;gmail.com
chris.brown@gmail.com;gmail.com
jessica.w@gmail.com;gmail.com
david.miller@gmail.com;gmail.com
sarah.taylor@gmail.com;gmail.com
brian.a@gmail.com;gmail.com
megan.thomas@gmail.com;gmail.com
kevin.j@gmail.com;gmail.com
rachel.w@gmail.com;gmail.com
laura.harris@gmail.com;gmail.com
daniel.m@gmail.com;gmail.com
amy.t@gmail.com;gmail.com
mark.garcia@gmail.com;gmail.com
chrisr@gmail.com;gmail.com
amandal@gmail.com;gmail.com
mattheww@gmail.com;gmail.com
nicoleh@gmail.com;gmail.com
oliviah@gmail.com;gmail.com
benjamins@gmail.com;gmail.com
sophiaw@gmail.com;gmail.com
anthonyk@gmail.com;gmail.com
jessicam@gmail.com;gmail.com
john.smith@gmail.com;gmail.com
mary.johnson@gmail.com;gmail.com
james.brown@gmail.com;gmail.com
linda.williams@gmail.com;gmail.com
robert.jones@gmail.com;gmail.com
patricia.garcia@gmail.com;gmail.com
michael.martinez@gmail.com;gmail.com
barbara.rodriguez@gmail.com;gmail.com
william.lee@gmail.com;gmail.com
elizabeth.harris@gmail.com;gmail.com
